artist_id,artist_name,main_genre,tracks_count,genres_count,avg_popularity,max_popularity,avg_danceability,avg_energy,avg_valence,avg_tempo,avg_acousticness,avg_instrumentalness,avg_duration_ms,appeal_score,cost,duration_minutes,is_headliner
0,IVE,k-pop,3,1,84.0,88,0.737,0.7873333333333333,0.6413333333333333,120.97766666666666,0.056163333333333336,1.81e-05,177537.33333333334,76.43037420366981,40938,90,1
1,Chimbala,latino,2,1,76.5,77,0.8089999999999999,0.8755,0.9035,129.0225,0.2975,0.01615057,204421.5,75.9741122050774,42865,90,1
2,ITZY,k-pop,7,1,72.14285714285714,78,0.823857142857143,0.8551428571428571,0.6545714285714286,120.30371428571428,0.08698714285714286,0.00016942142857142854,178763.42857142858,75.74770150432116,39631,90,1
3,TWICE,k-pop,17,1,72.47058823529412,86,0.704,0.8701764705882352,0.6503529411764707,133.05629411764704,0.10510588235294117,0.0001452570588235294,201826.0,75.32327900356277,39119,90,1
4,Stray Kids,k-pop,23,2,72.6086956521739,82,0.7258695652173913,0.8198695652173913,0.5975652173913043,123.66491304347826,0.08954826086956523,5.008695652173913e-07,188273.1739130435,75.22978701206155,40733,90,1
5,Harry Styles,pop,3,1,92.0,95,0.5293333333333333,0.7593333333333333,0.6270000000000001,147.75,0.26866666666666666,0.0006733333333333334,169535.33333333334,74.99156755008866,46906,90,1
6,FISHER,disco,2,2,74.0,75,0.7655000000000001,0.9235,0.769,126.0055,0.003885,0.354535,213169.5,74.98102208441007,40581,90,1
7,Tiago PZK,latino,4,1,77.0,82,0.8202499999999999,0.7705,0.6040000000000001,98.49775,0.1085,0.0160504375,212357.25,74.92212026668702,39968,90,1
8,Kep1er,k-pop,2,1,73.5,74,0.769,0.9195,0.8015000000000001,125.005,0.01086,3.71e-06,187859.5,74.71451343461948,42175,90,1
9,LE SSERAFIM,k-pop,4,1,78.0,83,0.82625,0.73575,0.6852499999999999,115.25975,0.139,0.00081,187828.75,74.67415757470638,40859,90,1
10,Selena Gomez & The Scene,dance,2,1,79.0,81,0.77,0.8025,0.833,109.01400000000001,0.0802,0.0,192033.0,74.49308414081155,41547,90,1
11,Måneskin,indie-pop,5,1,82.6,86,0.6487999999999999,0.7636000000000001,0.6454,124.0554,0.026636,0.0,194964.6,74.03656004301278,42990,90,1
12,Lil Nas X,hip-hop,8,1,82.75,90,0.729875,0.6395,0.65675,144.946625,0.112205,2.7875e-07,165559.125,73.67407163913239,42539,90,1
13,Shouse,house,2,1,79.5,81,0.6739999999999999,0.835,0.2414,124.515,0.00857,0.1786535,200032.5,73.40320534958155,41761,90,1
14,Calvin Harris,progressive-house,44,4,66.29545454545455,89,0.6991818181818181,0.838090909090909,0.6212272727272727,121.75331818181817,0.13725725,0.015511856136363635,221121.70454545456,73.33594574414451,39802,90,1
15,BTS,k-pop,165,6,68.08484848484848,92,0.6271272727272728,0.7542424242424243,0.5220842424242425,122.91244242424243,0.10812581818181818,5.0912121212121215e-05,223929.5090909091,73.26686016927057,39931,90,1
16,TV Girl,indie-pop,3,1,81.66666666666667,83,0.618,0.8116666666666666,0.5763333333333333,107.82866666666666,0.26300251,0.0018923333333333333,193581.33333333334,73.23485499273315,41289,90,1
17,Eminem,hardcore,31,5,68.7741935483871,88,0.7423870967741936,0.7699354838709677,0.5255677419354838,121.078,0.15468290322580644,0.00011763387096774193,275894.67741935485,73.08268736769458,40402,90,1
18,Mora,latino,6,2,80.33333333333333,89,0.7376666666666667,0.6696666666666666,0.4443333333333333,136.9715,0.3075,1.85e-05,220951.16666666666,72.88933016291591,43741,90,1
19,Dr. Dre,funk,12,3,68.91666666666667,84,0.7561666666666667,0.8109166666666666,0.5701666666666667,111.50599999999999,0.09364349999999999,0.0019892008333333333,249226.41666666666,72.57590803580672,38266,90,1
20,One Direction,pop,5,1,83.0,88,0.6528,0.6881999999999999,0.5368,116.2782,0.24126599999999998,0.0,218466.4,72.43094907315447,43106,90,1
21,aespa,k-pop,7,1,73.14285714285714,78,0.6584285714285715,0.8365714285714285,0.6247142857142858,110.03985714285714,0.17722857142857143,0.00022752,206189.7142857143,72.06714155372195,38887,90,1
22,Morgan Wallen,country,3,1,83.33333333333333,86,0.6166666666666667,0.7290000000000001,0.5343333333333333,155.22166666666666,0.3313333333333333,0.00035727999999999997,190114.33333333334,71.94716718712719,41005,90,1
23,Jhay Cortez,latin,3,3,77.66666666666667,80,0.8016666666666666,0.6699999999999999,0.38599999999999995,99.98700000000001,0.29673333333333335,1.74e-05,225163.0,71.8380484629481,44172,90,1
24,Regard,edm,4,2,74.75,81,0.74675,0.7555000000000001,0.731,116.26774999999999,0.07965,1.6075e-05,181330.0,71.79974231743267,38934,90,1
25,2Pac,funk,17,2,68.23529411764706,81,0.7966470588235294,0.7274117647058823,0.6522941176470588,101.93535294117648,0.12249764705882352,0.0005095858823529413,263951.0,71.7459046481069,37399,90,1
26,LISA,k-pop,4,3,73.5,78,0.8065,0.7195,0.659,122.54025,0.0494925,0.0026883,205029.0,71.62336007281715,38510,90,1
27,NCT DREAM,k-pop,2,1,70.5,73,0.813,0.813,0.662,97.0155,0.0269,0.0,200473.0,71.56156282142632,39662,90,1
28,Dynoro,deep-house,2,2,74.5,79,0.7324999999999999,0.798,0.174,112.9585,0.15899999999999997,0.0150055,198420.0,71.33951905122014,41083,90,1
29,BLACKPINK,k-pop,43,2,69.44186046511628,87,0.6980232558139535,0.6953720930232558,0.5436976744186047,124.48920930232558,0.10690465116279069,5.591837209302326e-05,194858.13953488372,71.22229672470347,38183,90,1
30,Ruth B.,pop,2,1,85.5,90,0.591,0.7035,0.356,109.32900000000001,0.03005,0.0,251218.5,71.18194886360311,44728,90,1
31,The Clash,punk-rock,3,1,72.33333333333333,80,0.7113333333333333,0.8283333333333333,0.7993333333333333,120.175,0.09383333333333332,0.0,191853.0,71.17733874421567,38421,90,1
32,Dido,hip-hop,2,2,79.5,85,0.7525,0.6755,0.6345000000000001,80.0235,0.16855,0.00012017000000000001,311233.0,71.16101254997092,40061,90,1
33,Steve Edwards,disco,3,1,68.33333333333333,73,0.7043333333333334,0.903,0.7293333333333334,125.62866666666666,0.05428666666666667,0.0022516666666666666,184869.0,70.93651972939774,36215,90,1
34,Culture Beat,techno,2,1,65.0,68,0.6895,0.9964999999999999,0.3955,132.87150000000003,0.060200000000000004,0.14275000000000002,297153.0,70.7078352640947,37409,90,1
35,Farruko,latino,20,4,67.95,86,0.7045,0.75875,0.497725,138.03320000000002,0.0844175,0.041057592,244384.05,70.6563651476937,37149,90,1
36,Prezioso,dance,2,2,69.0,80,0.7125,0.894,0.4455,112.6225,0.061649999999999996,8.655e-05,156451.5,70.60891353092124,36759,90,1
37,Stromae,house,3,1,74.0,78,0.7713333333333333,0.717,0.569,119.65166666666666,0.051,0.0006856333333333333,202262.66666666666,70.54403255021565,39583,90,1
38,YOASOBI,j-pop,31,1,63.774193548387096,76,0.6654838709677419,0.8343870967741935,0.7156129032258065,124.61832258064517,0.14217612903225804,0.0001611251612903226,225873.48387096773,70.53142898989864,36546,90,1
39,Red Velvet,k-pop,6,1,69.83333333333333,75,0.6735000000000001,0.8346666666666667,0.5568333333333334,130.4755,0.19210000000000002,0.0004283333333333333,203053.16666666666,70.45450366518358,41005,90,1
40,ZICO,k-pop,3,1,69.33333333333333,78,0.8256666666666667,0.754,0.6233333333333334,136.37933333333334,0.05624666666666667,0.0,207618.0,70.40581304944753,36380,90,1
41,Milky Chance,german,4,1,71.25,80,0.7847500000000001,0.734,0.68425,117.5065,0.394995,0.008220775,245328.0,70.39945081772012,37139,90,1
42,Roshini JKV,pop-film,2,1,67.0,70,0.7889999999999999,0.8545,0.8685,129.0375,0.603,0.00031605,244632.5,70.35294811220106,37003,90,1
43,House Of Pain,hard-rock,2,1,69.5,74,0.8325,0.7665,0.8225,106.911,0.0333,4.7560000000000005e-05,216746.0,70.34294871716001,36323,90,1
44,HVME,hip-hop,2,2,78.0,81,0.804,0.626,0.6235,124.9315,0.3715,0.0,163005.0,70.33908626134662,41649,90,1
45,SEVENTEEN,k-pop,15,2,70.46666666666667,80,0.6964,0.7258,0.6622666666666667,114.412,0.21064000000000002,2.74e-07,187956.13333333333,70.30227666391667,36819,90,1
46,Becky G,reggae,21,8,62.80952380952381,85,0.7907142857142857,0.7607142857142857,0.6675714285714286,101.32247619047618,0.15034333333333333,0.00033367285714285715,201166.7619047619,70.22038976286085,35801,90,1
47,El Alfa,latino,5,2,63.4,82,0.8262,0.8216000000000001,0.6325999999999999,123.7814,0.07443999999999999,0.00130364,223449.6,70.07174780754544,38048,90,1
48,Sigala,edm,7,3,68.0,77,0.6622857142857143,0.8518571428571429,0.5772857142857143,119.15485714285715,0.11174285714285714,1.62e-06,182928.2857142857,70.02129909763391,34228,90,1
49,Mark Ronson,dance,3,2,78.33333333333333,83,0.6816666666666666,0.691,0.559,115.73766666666667,0.009426666666666667,2.873e-05,241768.33333333334,70.00393961504881,40685,90,1
50,Bettye LaVette,chill,2,1,68.5,72,0.667,0.92,0.146,114.977,0.00752,0.00232,358983.0,69.99760474951006,39778,90,1
51,ROSALÍA,latino,5,3,73.2,83,0.7484,0.696,0.5660000000000001,119.8264,0.048620000000000003,1.1024e-05,230369.2,69.97357144864847,40306,90,1
52,j-hope,k-pop,12,1,70.41666666666667,83,0.7120000000000001,0.713,0.50025,98.88066666666667,0.16538583333333332,0.07550261166666668,155207.58333333334,69.86522592620213,37541,90,1
53,Travis Scott,house,23,5,72.30434782608695,84,0.7220434782608696,0.6150869565217392,0.3099304347826087,137.24004347826087,0.10703217391304347,1.2518695652173913e-05,215438.95652173914,69.85987237851387,36992,90,1
54,Doja Cat,dance,15,4,68.06666666666666,90,0.7351333333333333,0.7196666666666667,0.5647333333333333,126.58273333333334,0.14568,0.00292797,183299.4,69.84180164019511,37435,90,1
55,Sukh-E Muzical Doctorz,pop,3,2,64.33333333333333,66,0.786,0.8616666666666667,0.7843333333333332,100.623,0.36366666666666664,2.3899999999999996e-06,183642.33333333334,69.77200093803849,35485,90,1
56,(G)I-DLE,k-pop,5,1,72.2,80,0.6317999999999999,0.8112,0.3888,128.2166,0.02247,1.446e-06,195152.0,69.76264752327617,38030,90,1
57,Neha Kakkar,pop-film,30,5,61.56666666666667,77,0.7118333333333333,0.8077333333333333,0.6742333333333334,116.43486666666666,0.23696133333333333,8.877566666666667e-05,218550.76666666666,69.75361525053721,31531,90,1
58,LUM!X,dance,3,3,68.66666666666667,80,0.7306666666666667,0.8223333333333334,0.568,119.13100000000001,0.06083333333333333,0.008287466666666667,172710.66666666666,69.66627325712803,37912,90,1
59,MARINA,alternative,6,1,70.83333333333333,78,0.6533333333333333,0.8013333333333333,0.6621666666666667,129.0145,0.1317865,1.6833333333333332e-06,198814.33333333334,69.65619151212543,36071,90,1
60,Sidhu Moose Wala,hip-hop,70,2,63.17142857142857,78,0.6871285714285714,0.7231285714285715,0.6080285714285714,115.29412857142857,0.184843,1.3574285714285713e-06,219761.27142857143,69.62336405177734,35925,90,1
61,Rage Against The Machine,alt-rock,3,2,75.33333333333333,80,0.4923333333333333,0.903,0.574,119.61066666666666,0.0173,0.020056866666666666,249746.33333333334,69.61372132591268,40785,90,1
62,SZA,dance,4,3,77.75,83,0.71925,0.63375,0.54425,101.21875,0.294875,0.06861030000000001,211405.75,69.59825082913795,41298,90,1
63,Deorro,progressive-house,5,2,65.4,71,0.7444,0.8356,0.4774,127.97179999999999,0.058640000000000005,0.13220129600000002,215728.2,69.56957587382745,36629,90,1
64,Badshah,hip-hop,37,7,58.972972972972975,74,0.7643783783783784,0.7854864864864864,0.6668108108108108,120.99575675675675,0.1512545945945946,0.0033672335135135137,203364.0,69.53587527355992,36049,90,1
65,AP Dhillon,hip-hop,29,1,68.62068965517241,83,0.7804827586206897,0.6028620689655173,0.4186724137931035,109.21751724137931,0.1658896551724138,0.035455409310344826,177077.7931034483,69.5337935603126,37776,90,1
66,Bananarama,disco,2,1,66.5,67,0.694,0.9159999999999999,0.923,117.307,0.17915,0.3154,222245.0,69.52356893341178,36265,90,1
67,Lijo George-Dj Chetas,pop,3,1,66.66666666666667,68,0.6346666666666666,0.941,0.7653333333333333,85.60533333333335,0.385,3.23e-06,194174.33333333334,69.51439037736333,37155,90,1
68,Tame Impala,alternative,2,2,70.5,82,0.7355,0.7995000000000001,0.6625000000000001,109.0155,0.07825,0.023451645,222379.5,69.48778361393298,36315,90,1
69,Rvfv,latino,6,1,73.83333333333333,79,0.7461666666666668,0.6531666666666667,0.59,123.255,0.3295,0.0029495100000000002,164730.66666666666,69.48652417244448,38785,90,1
70,Beach Bunny,indie-pop,3,1,78.0,82,0.4653333333333334,0.8676666666666667,0.7256666666666667,136.96699999999998,0.0009046666666666668,0.012342066666666665,149359.0,69.42747274141945,40186,90,1
71,Jasmine Sandlas,pop,2,1,66.0,67,0.8140000000000001,0.8140000000000001,0.4965,94.0025,0.06225,0.001715,194303.0,69.40794325113204,37467,90,1
72,Yo Yo Honey Singh,hip-hop,25,3,60.72,69,0.73052,0.8079999999999999,0.65644,135.21496,0.1599412,0.0026793844000000005,229135.8,69.39109115973994,34987,90,1
73,MHD,dancehall,2,2,62.5,65,0.9319999999999999,0.776,0.7949999999999999,110.5095,0.0875,3.37e-05,199198.5,69.3850891929684,37194,90,1
74,Vagu Mazan,pop-film,2,1,68.0,70,0.722,0.847,0.56,110.96549999999999,0.1085,7.81e-05,259139.0,69.15385932436125,37980,90,1
75,Thoughtsfornow,pop-film,2,1,68.0,70,0.722,0.847,0.56,110.96549999999999,0.1085,7.81e-05,259139.0,69.15385932436125,38677,90,1
76,Devi Sri Prasad,pop-film,3,2,67.33333333333333,74,0.8486666666666668,0.7223333333333333,0.7096666666666667,124.97000000000001,0.4086666666666667,0.022400343333333333,225848.33333333334,69.14841305831204,36387,90,1
77,IU,k-pop,7,1,69.0,73,0.7177142857142857,0.7475714285714287,0.6644285714285714,110.7097142857143,0.15834285714285715,2.7e-07,198303.42857142858,69.13628580273058,36166,90,1
78,Anirudh Ravichander,hip-hop,96,6,62.385416666666664,80,0.6416041666666666,0.7316979166666666,0.5696708333333333,123.65851041666667,0.2841414583333333,0.0592668321875,214511.78125,69.09705154196398,33064,90,1
79,Rag'n'Bone Man,soul,3,2,73.0,78,0.6576666666666666,0.7796666666666666,0.5036666666666667,122.58766666666668,0.22466666666666668,0.00016766666666666666,222998.66666666666,69.0813954959949,36999,90,1
80,Limp Bizkit,alternative,6,3,73.83333333333333,77,0.5339999999999999,0.8251666666666667,0.47136666666666666,103.722,0.09254833333333333,0.06313811333333334,255668.66666666666,69.04936595163807,37013,90,1
81,Creepy Nuts,j-pop,4,1,63.25,70,0.702,0.9095,0.8167500000000001,130.49425,0.11845,3.2e-06,217591.75,69.03467781493065,37214,90,1
82,Village People,disco,2,1,68.0,70,0.7324999999999999,0.8325,0.784,126.5425,0.12714999999999999,0.0,244686.5,69.02533593243166,39160,90,1
83,Rammstein,industrial,76,2,61.9078947368421,77,0.5671842105263158,0.8235526315789473,0.39209736842105264,128.73602631578947,0.021039260921052634,0.14467706263157895,250573.88157894736,69.01037546560846,36197,90,1
84,Yun Head,sad,2,1,64.0,68,0.7849999999999999,0.863,0.6335,133.767,0.106,0.00785,139068.0,69.00915273660233,34582,90,1
85,SHAUN,k-pop,2,1,72.0,73,0.741,0.743,0.5015000000000001,102.928,0.337,9.15e-05,203294.0,68.92776114100982,37904,90,1
86,AC/DC,hard-rock,28,1,68.10714285714286,85,0.5040714285714286,0.8376071428571429,0.5557857142857142,130.10389285714285,0.028863551071428573,0.08938387964285714,253958.7142857143,68.90848457576874,37680,90,1
87,Little Mix,dance,5,5,69.4,79,0.5913999999999999,0.8674,0.5502,117.7548,0.11526,7.6e-05,197190.2,68.89786108273195,36876,90,1
88,Pav Dharia,pop,2,1,73.0,76,0.779,0.688,0.7605,92.021,0.0771,0.0,199619.5,68.88846912841325,39629,90,1
89,ATEEZ,k-pop,4,1,68.25,74,0.61075,0.88725,0.52825,122.98175,0.048647499999999996,2.75e-06,201884.25,68.87926041018655,36627,90,1
90,CJ,hardcore,2,2,63.5,72,0.9065000000000001,0.756,0.518,127.501,0.17909999999999998,0.001655,165193.0,68.80172608736113,35099,90,1
91,Hamsika Iyer,dance,2,2,65.5,71,0.7315,0.873,0.903,152.01850000000002,0.07905,6.3085e-05,227707.0,68.79574783179514,36596,90,1
92,Bingo Players,progressive-house,2,1,63.5,69,0.751,0.8935,0.5425,126.0075,0.010545,0.40950343,159531.5,68.76817823155777,33199,90,1
93,Inner Circle,reggae,2,1,70.5,72,0.784,0.725,0.7364999999999999,130.442,0.12419999999999999,0.000199,228220.5,68.70545158516063,37622,90,1
94,Matt Sassari,techno,6,2,58.333333333333336,79,0.8341666666666666,0.8438333333333333,0.6761666666666667,126.17766666666667,0.002832833333333333,0.15789748333333334,194932.83333333334,68.65672884498049,32218,90,1
95,System Of A Down,metal,12,2,72.75,83,0.4271666666666667,0.8731666666666666,0.37860833333333327,119.9495,0.057568916666666664,0.0048303425,204569.75,68.64560729250083,38973,90,1
96,J. Cole,hip-hop,4,3,75.75,88,0.65875,0.68775,0.45525,125.122,0.23745,0.0196,266260.25,68.61955683152772,38545,90,1
97,Ray Parker Jr.,disco,3,1,67.33333333333333,70,0.7816666666666667,0.7606666666666667,0.7520000000000001,115.47333333333334,0.0117,0.02669366666666667,241728.66666666666,68.60956723910549,37370,90,1
98,Gurinder Gill,hip-hop,17,1,67.6470588235294,82,0.7761176470588235,0.6299411764705882,0.355835294117647,106.66617647058824,0.15386470588235293,0.03422408823529412,179838.58823529413,68.55423115958527,35866,90,1
99,Rob Thomas,blues,2,1,68.0,69,0.609,0.923,0.961,115.996,0.16,4.73e-06,294986.0,68.52964264238237,36353,90,1
100,The 1975,alt-rock,23,2,69.56521739130434,78,0.6125217391304348,0.7126086956521739,0.5994260869565217,121.30847826086958,0.25650982608695655,0.06253327,255209.04347826086,68.51344818489872,37002,90,1
101,Shubh,hip-hop,5,1,77.8,83,0.7856,0.5144,0.5858000000000001,131.05519999999999,0.153334,0.0036049999999999997,178098.4,68.50245856538447,41124,90,1
102,Rihanna,dancehall,6,5,65.33333333333333,83,0.6965,0.8225000000000001,0.5915,135.45483333333334,0.10903333333333333,0.01983333333333333,215430.83333333334,68.46328372599939,36153,90,1
103,Jessi,k-pop,2,1,73.0,78,0.8085,0.6445,0.48050000000000004,102.474,0.014610000000000001,0.0,185338.0,68.45811865595499,37119,90,1
104,Rocco Hunt,spanish,2,1,65.0,67,0.751,0.8515,0.8835,124.99449999999999,0.2855,0.0,169253.5,68.44862989223788,35427,90,1
105,24kGoldn,edm,5,5,66.8,83,0.7328,0.7726,0.6996,106.21019999999999,0.203196,6.502e-06,172213.2,68.4147667745995,35498,90,1
106,The Romantics,power-pop,3,1,66.33333333333333,69,0.592,0.9413333333333332,0.9363333333333334,149.80766666666668,0.20996666666666663,0.0001548,195253.0,68.40439298278476,37351,90,1
107,Tems,dancehall,5,2,70.0,89,0.7687999999999999,0.6776,0.5286,99.0844,0.0785,0.000365036,237182.6,68.40369190614682,35554,90,1
108,Mother Mother,indie,3,1,77.33333333333333,78,0.4563333333333333,0.8476666666666667,0.27566666666666667,138.085,0.02415,0.0003997900000000001,219631.0,68.39832969203093,39558,90,1
109,SUNMI,k-pop,2,1,69.0,71,0.7809999999999999,0.7444999999999999,0.6565000000000001,107.96549999999999,0.04215,2.19e-06,186586.5,68.39359162689036,36727,90,1
110,Ottawan,disco,2,1,61.5,66,0.8009999999999999,0.8714999999999999,0.9319999999999999,123.10300000000001,0.36,6.115e-05,202539.5,68.35772554508956,34252,90,1
111,Hailee Steinfeld,dance,2,1,73.5,77,0.6625000000000001,0.7609999999999999,0.6005,101.5165,0.0337,4.135e-06,197086.5,68.35522043097598,38566,90,1
112,La Bouche,techno,3,2,62.333333333333336,68,0.6566666666666667,0.9583333333333334,0.8183333333333334,134.07466666666667,0.05321,0.01646746,216679.33333333334,68.32208054680977,34404,90,1
113,Bomba Estéreo,electronic,3,3,68.66666666666667,95,0.7783333333333333,0.7226666666666667,0.5503333333333333,109.65599999999999,0.07386666666666666,0.00013711333333333333,201830.0,68.23417228444355,37091,90,1
114,Gippy Grewal,pop,3,2,65.33333333333333,70,0.6693333333333333,0.884,0.7593333333333333,117.069,0.07686666666666665,3.0566666666666667e-05,215119.0,68.20900571337279,37383,90,1
115,Cumbiafrica,deep-house,4,1,64.0,71,0.7245,0.84175,0.292,125.26975,0.00683525,0.34395699999999996,173891.5,68.20632111131802,32521,90,1
116,STAYC,k-pop,4,1,72.0,74,0.67125,0.7325,0.4835,123.1455,0.13420875,3e-06,194800.25,68.18740095097586,39098,90,1
117,George Ezra,folk,8,2,73.375,79,0.64775,0.6753750000000001,0.576625,115.91875,0.263575,0.000106625,194551.625,68.14932879045648,38401,90,1
118,Beyoncé,dance,3,3,73.0,93,0.7323333333333334,0.6753333333333332,0.6426666666666666,103.77666666666666,0.04193333333333333,4.05e-06,227275.66666666666,68.13680141818223,38077,90,1
119,Mobb Deep,hardcore,5,1,65.2,76,0.8008,0.732,0.46299999999999997,94.3116,0.15904000000000001,0.004540252,283026.2,68.13655230726513,35354,90,1
120,Loud Luxury,edm,2,1,72.5,75,0.6975,0.739,0.39349999999999996,120.9925,0.02602,4.8625e-05,147816.5,68.09804595426941,37597,90,1
121,TWOPILOTS,french,7,2,62.42857142857143,71,0.7314285714285714,0.8208571428571428,0.5415714285714286,114.29014285714285,0.10724285714285715,8.747e-05,166542.2857142857,68.06686827117262,33509,90,1
122,Saint Motel,alt-rock,2,1,69.0,70,0.5954999999999999,0.8965000000000001,0.5725,118.0005,0.0641,5.53e-05,205602.0,68.0519592704893,35519,90,1
123,Halsey,electro,37,9,68.24324324324324,84,0.6206756756756757,0.6735405405405406,0.4615945945945946,124.44605405405404,0.1543564864864865,0.020248205135135134,204738.51351351352,68.0454266541831,37084,90,1
124,Gaullin,electronic,7,2,61.714285714285715,68,0.7612857142857142,0.8071428571428572,0.3655,124.59328571428571,0.018291428571428573,0.06416428571428572,165132.7142857143,68.04207884122206,35744,90,1
125,The Archies,r-n-b,2,2,67.0,69,0.7464999999999999,0.798,0.966,122.417,0.4325,0.0,167199.5,67.98450286703684,37122,90,1
126,Shinda Kahlon,hip-hop,10,1,69.5,77,0.7647,0.6229,0.37801999999999997,109.1756,0.16087,0.06852054399999999,185356.3,67.98264307779533,36604,90,1
127,Lee Cabrera,disco,2,1,62.5,63,0.7155,0.912,0.52,126.009,0.004275,0.0010899999999999998,210476.0,67.94812643190727,34201,90,1
128,Bleech,disco,2,1,62.5,63,0.7155,0.912,0.52,126.009,0.004275,0.0010899999999999998,210476.0,67.94812643190727,32590,90,1
129,Sunny Malton,hip-hop,8,1,64.375,76,0.74225,0.75825,0.634875,105.58775,0.14338875,1.2625e-07,218112.25,67.94129998540353,37703,90,1
130,Lagique,edm,2,2,68.5,75,0.6885,0.8175,0.456,122.9385,0.0611,2.365e-06,142362.0,67.90857605470408,39638,90,1
131,Mika Singh,indian,7,2,58.857142857142854,70,0.742,0.8742857142857143,0.549,116.85957142857144,0.24092857142857144,0.019204947142857143,259162.42857142858,67.89651071104097,33172,90,1
132,Age Of Love,trance,2,1,61.0,64,0.748,0.9085000000000001,0.059649999999999995,130.002,0.0582,0.892,489480.0,67.8543402679877,32608,90,1
133,Harrdy Sandhu,pop,7,2,65.0,74,0.7014285714285714,0.7888571428571429,0.624,100.65385714285715,0.2924171428571429,2.1680000000000002e-05,201334.42857142858,67.85045618371922,33526,90,1
134,Vishal Dadlani,hip-hop,25,6,58.76,67,0.72988,0.78444,0.6606000000000001,120.96336,0.21032399999999998,0.0031905311999999996,261786.48,67.82724608787956,33753,90,1
135,The Neighbourhood,alt-rock,27,1,73.48148148148148,93,0.5422222222222223,0.6579999999999999,0.3564962962962963,108.53162962962962,0.07019768518518518,0.11560962037037037,227328.88888888888,67.81287674818782,36366,90,1
136,Dwin,electronic,2,1,59.5,63,0.8065,0.8835,0.19874999999999998,127.5615,0.055105,0.2725,159065.0,67.8035373460779,31699,90,1
137,Grand Funk Railroad,blues,2,2,67.0,70,0.746,0.7905,0.785,124.5805,0.1315,3.36e-05,204913.0,67.78522850867415,37325,90,1
138,Sleepy Hallow,r-n-b,7,1,73.28571428571429,81,0.8347142857142857,0.5052857142857142,0.7031428571428572,122.39042857142856,0.5697142857142857,6.288571428571428e-06,131643.14285714287,67.77634995467187,39061,90,1
139,Dubdogz,brazil,5,4,65.8,70,0.7534,0.7438,0.6158,123.36479999999999,0.037324,0.0010937800000000001,169546.4,67.66464894420236,36648,90,1
140,Diljit Dosanjh,pop-film,26,3,61.92307692307692,74,0.6963846153846155,0.7425384615384616,0.6366153846153846,123.2933076923077,0.16511,4.4734615384615386e-06,186419.8076923077,67.65379787843501,30974,90,1
141,Gang Starr,hardcore,3,1,64.66666666666667,66,0.7080000000000001,0.8403333333333333,0.7376666666666667,120.04566666666666,0.12313333333333333,5.045666666666666e-05,205577.33333333334,67.65363177114574,37812,90,1
142,Ana Mena,spanish,10,2,65.3,79,0.6965,0.7525000000000001,0.7189,120.05519999999999,0.168771,1.7100000000000002e-05,198433.3,67.65129716617476,38409,90,1
143,"Earth, Wind & Fire",disco,7,1,66.85714285714286,83,0.717,0.7300000000000001,0.8655714285714285,127.33385714285714,0.19875714285714285,0.0015935285714285714,256319.85714285713,67.63151329927115,38905,90,1
144,Schillist,brazil,2,1,69.0,69,0.7769999999999999,0.7175,0.348,122.0205,0.0643,0.3800063,156990.5,67.62694561044829,35377,90,1
145,Caesars,swedish,2,1,64.5,66,0.58,0.981,0.861,134.007,0.0171,1.07e-05,195666.0,67.62285161671315,34158,90,1
146,Krono,chicago-house,3,1,67.66666666666667,78,0.747,0.745,0.37433333333333335,119.95766666666667,0.05085666666666667,0.011569366666666666,242013.0,67.60354218144317,38633,90,1
147,WALK THE MOON,alt-rock,2,1,75.0,83,0.5305,0.8180000000000001,0.5025,130.515,0.007005,0.0,217520.0,67.56281906284963,40499,90,1
148,Gminxr,hip-hop,10,1,67.9,77,0.7939999999999999,0.6107,0.36303,104.7663,0.13685,0.010617431,169629.1,67.55012342605978,35854,90,1
149,Xzibit,hardcore,5,2,62.2,75,0.8708,0.7028000000000001,0.7876,92.3082,0.19288,1.1419999999999999e-05,249922.4,67.5042160398815,34288,90,1
150,DELLAFUENTE,latino,2,2,71.0,72,0.7905,0.661,0.754,130.9885,0.295,0.00805,202202.5,67.49060954159431,36549,90,1
151,MAMAMOO,k-pop,5,1,66.8,72,0.6517999999999999,0.8078,0.7150000000000001,119.69560000000001,0.11423800000000002,8.012e-06,192902.4,67.48388353330952,34834,90,1
152,Kaka,pop,3,1,65.66666666666667,67,0.7246666666666667,0.7986666666666666,0.6796666666666668,123.291,0.393,0.0,261765.33333333334,67.47104643264433,33009,90,1
153,Cults,hip-hop,2,2,81.5,82,0.47,0.741,0.27149999999999996,140.69299999999998,0.010555,0.17970000000000003,260133.0,67.4566155969466,42963,90,1
154,ENHYPEN,anime,41,1,62.292682926829265,78,0.5909512195121951,0.7841463414634146,0.5829463414634146,125.7639756097561,0.066428,0.024983588292682924,177242.75609756098,67.45549211530306,34121,90,1
155,Van Halen,hard-rock,10,1,68.3,78,0.5014000000000001,0.8592000000000001,0.6066,120.1944,0.1207772,0.081465579,215231.5,67.42611181356835,37984,90,1
156,El Cherry Scom,latin,3,3,60.333333333333336,72,0.8146666666666667,0.8186666666666667,0.6573333333333333,133.016,0.10873333333333333,0.03823666666666666,171678.33333333334,67.37900888845057,34154,90,1
157,Tanir,indie-pop,2,1,55.5,57,0.813,0.937,0.7909999999999999,117.5195,0.24075000000000002,0.001212,198714.5,67.33418379838318,32581,90,1
158,Tyomcha,indie-pop,2,1,55.5,57,0.813,0.937,0.7909999999999999,117.5195,0.24075000000000002,0.001212,198714.5,67.33418379838318,32479,90,1
159,Sabaton,metal,6,2,66.5,69,0.5111666666666667,0.919,0.3273333333333333,106.853,0.011928333333333332,0.0007871766666666665,251030.5,67.30424853185511,37052,90,1
160,Imanbek,edm,9,6,59.55555555555556,87,0.7187777777777778,0.8374444444444444,0.5193333333333334,112.75511111111112,0.05265,0.0012018311111111112,165227.44444444444,67.26811209173282,32821,90,1
161,AronChupa,swedish,5,1,61.8,72,0.8412000000000001,0.7274,0.5974,128.237,0.39849999999999997,0.00146622,165933.6,67.26271552742101,35973,90,1
162,Little Sis Nora,swedish,5,1,61.8,72,0.8412000000000001,0.7274,0.5974,128.237,0.39849999999999997,0.00146622,165933.6,67.26271552742101,35243,90,1
163,Kanika Kapoor,hip-hop,2,2,58.0,64,0.861,0.8420000000000001,0.6519999999999999,133.0105,0.17255,0.033609099999999996,236885.5,67.24939940559948,31885,90,1
164,League of Legends,rock,9,4,67.77777777777777,86,0.649888888888889,0.7372222222222222,0.41711111111111115,121.60944444444443,0.11465222222222222,8.466666666666666e-06,192687.0,67.23412227252778,36943,90,1
165,NCT 127,k-pop,2,1,66.0,69,0.6385000000000001,0.884,0.518,169.4955,0.09179999999999999,0.0,231653.0,67.23387887087611,35137,90,1
166,Giveon,pop,2,1,85.0,86,0.5630000000000001,0.5805,0.5035000000000001,89.55850000000001,0.4225,5.1e-07,198225.5,67.22595923203602,44245,90,1
167,Jaira Burns,k-pop,2,1,72.5,73,0.613,0.778,0.29200000000000004,156.027,0.010435,0.0,204094.0,67.18409069780017,39138,90,1
168,Jaani,pop-film,5,2,64.2,67,0.6836,0.8166,0.6308,94.9242,0.3524,1.4339999999999997e-06,201275.0,67.1448308133751,35782,90,1
169,K/DA,k-pop,3,1,73.0,74,0.6263333333333333,0.73,0.2966666666666667,157.35566666666668,0.01469,0.0,202437.66666666666,67.13433469950203,39907,90,1
170,MAGIC!,reggae,3,1,65.66666666666667,81,0.723,0.7866666666666667,0.8756666666666667,141.35766666666666,0.058133333333333335,0.0,216804.33333333334,67.1328026640406,35167,90,1
171,KR$NA,hip-hop,9,2,56.44444444444444,67,0.847111111111111,0.777888888888889,0.6301111111111112,124.113,0.19465555555555555,3.0777777777777776e-06,254332.22222222222,67.12628649642292,33418,90,1
172,Tanishk Bagchi,pop,37,8,61.08108108108108,82,0.6631891891891892,0.7378648648648648,0.5097837837837839,114.25994594594596,0.28360378378378376,0.003622128378378378,206524.24324324325,67.10715541898828,37518,90,1
173,Bohemia,hip-hop,3,1,66.33333333333333,70,0.6423333333333333,0.8443333333333333,0.5933333333333333,125.949,0.04753333333333334,2.57e-05,268720.6666666667,67.0988717067068,35780,90,1
174,NMIXX,k-pop,2,1,78.5,82,0.47300000000000003,0.7825,0.4565,165.67950000000002,0.0601,2.13e-06,169341.0,67.09710011015045,39518,90,1
175,CNCO,reggaeton,8,4,59.875,73,0.671875,0.8748750000000001,0.668125,107.73175,0.1613125,2.1375e-05,200621.875,67.08913920906224,35349,90,1
176,Valentino Khan,electronic,6,2,55.5,64,0.7771666666666667,0.8863333333333333,0.48733333333333334,129.53216666666665,0.06134683333333333,0.43791116666666663,204554.16666666666,67.06040343512348,31682,90,1
177,Bruce Springsteen,singer-songwriter,3,1,75.33333333333333,78,0.515,0.7799999999999999,0.649,119.80233333333335,0.20029099999999997,0.0099925,225288.66666666666,67.03673109403002,38185,90,1
178,21 Savage,dancehall,4,4,69.75,91,0.758,0.6527499999999999,0.43275,117.7295,0.14428675,1.6049999999999999e-06,202125.5,67.02929311880945,38089,90,1
179,Gur Sidhu,pop,3,1,64.66666666666667,65,0.751,0.777,0.638,136.9656666666667,0.0694,2.0500000000000003e-06,208666.66666666666,67.02818308300098,34431,90,1
180,Nicki Minaj,dance,19,7,61.526315789473685,92,0.7282631578947368,0.7221052631578948,0.5609473684210526,115.54610526315788,0.13442578947368422,0.00017114052631578947,201707.1052631579,67.02385875133818,33215,90,1
181,Masked Wolf,electronic,3,3,65.66666666666667,79,0.6943333333333334,0.8076666666666666,0.57,129.96666666666667,0.12203333333333333,2.18e-06,170043.66666666666,67.0175737408585,36922,90,1
182,Duki,latino,4,1,71.5,83,0.74525,0.6292500000000001,0.43875000000000003,109.24875,0.1709,1.5525e-06,217253.25,67.01048189793252,36581,90,1
183,Neeraj Shridhar,indian,14,3,56.92857142857143,71,0.7510714285714286,0.8151428571428572,0.7530714285714285,119.1467142857143,0.18005142857142856,0.003935756428571429,273739.0,67.00791760207603,32516,90,1
184,6ix9ine,emo,23,1,61.52173913043478,78,0.7386521739130435,0.6962173913043479,0.5064347826086957,122.59721739130434,0.09826173913043477,5.234782608695652e-06,157600.4347826087,66.99216867179983,34280,90,1
185,Neptunica,german,2,1,67.0,69,0.6635,0.8325,0.27349999999999997,144.01,0.11049999999999999,0.0001,148377.0,66.9912852625525,36732,90,1
186,Pedro Capó,latin,6,4,63.666666666666664,74,0.6998333333333333,0.7928333333333333,0.779,143.233,0.2669666666666667,4.185000000000001e-06,194202.16666666666,66.97874210499377,35880,90,1
187,Lisa Mishra,hip-hop,4,3,58.25,66,0.7542500000000001,0.878,0.49375,103.72525,0.21628,6.771750000000001e-05,206643.5,66.96897789788704,34352,90,1
188,Kx5,edm,2,2,68.5,73,0.6445000000000001,0.819,0.132,126.0355,0.0899415,0.018382000000000003,233555.5,66.9610253848149,34967,90,1
189,Eric Singleton,german,2,2,56.5,64,0.7655000000000001,0.9445,0.9664999999999999,118.749,0.01375,0.0449095,201253.0,66.94786147146131,33133,90,1
190,Preme,trance,4,2,58.75,72,0.78025,0.8434999999999999,0.6925,127.50999999999999,0.2722775,1.9625e-06,200629.25,66.9305222646829,35063,90,1
191,DMX,hardcore,9,1,59.888888888888886,74,0.6816666666666666,0.8503333333333333,0.6698888888888889,115.06077777777779,0.06246666666666667,1.1333333333333333e-07,230707.66666666666,66.92345002018851,34317,90,1
192,Real McCoy,techno,2,1,58.5,64,0.7669999999999999,0.903,0.784,128.465,0.045741500000000004,0.004195,240533.0,66.91900219098117,34957,90,1
193,5 Seconds of Summer,dance,4,2,71.75,81,0.58975,0.7595,0.36225,129.29275,0.023325,9.675e-07,219592.5,66.91740667610264,35979,90,1
194,Biscits,deep-house,12,2,53.833333333333336,62,0.7933333333333333,0.8435833333333332,0.6314916666666667,125.984,0.0777125,0.29186504750000003,188985.75,66.84954759543845,32311,90,1
195,ATB,techno,5,2,61.0,79,0.675,0.8736,0.6382,130.4448,0.13649,0.404069256,228408.6,66.81646070627649,35036,90,1
196,Billy Ocean,disco,3,1,67.33333333333333,70,0.6876666666666668,0.773,0.949,125.60833333333333,0.19107,3.34e-05,223813.0,66.81417922965069,40946,90,1
197,The Script,rock,4,1,72.5,80,0.50675,0.81475,0.522,109.15725,0.14632,0.0,222616.25,66.81138958397898,38635,90,1
198,Toploader,british,3,2,65.66666666666667,77,0.6343333333333333,0.8523333333333333,0.8603333333333333,119.427,0.057333333333333326,0.0,232919.66666666666,66.79428146664888,33630,90,1
199,AKLO,soul,2,1,63.5,69,0.648,0.906,0.731,121.9935,0.096,1.895e-06,328463.0,66.77545842673916,35894,90,1
